{
    "name": "root",
    "gauges": {
        "CarController.Policy.Entropy.mean": {
            "value": 0.13708585500717163,
            "min": 0.10577470809221268,
            "max": 0.14982007443904877,
            "count": 3
        },
        "CarController.Policy.Entropy.sum": {
            "value": 674.46240234375,
            "min": 379.0965576171875,
            "max": 726.3276977539062,
            "count": 3
        },
        "CarController.Step.mean": {
            "value": 5219992.0,
            "min": 5209939.0,
            "max": 5219992.0,
            "count": 3
        },
        "CarController.Step.sum": {
            "value": 5219992.0,
            "min": 5209939.0,
            "max": 5219992.0,
            "count": 3
        },
        "CarController.Policy.ExtrinsicValueEstimate.mean": {
            "value": -1.6498913764953613,
            "min": -1.6498913764953613,
            "max": 0.5698643326759338,
            "count": 3
        },
        "CarController.Policy.ExtrinsicValueEstimate.sum": {
            "value": -133.64120483398438,
            "min": -133.64120483398438,
            "max": 27.35348892211914,
            "count": 3
        },
        "CarController.Policy.GailValueEstimate.mean": {
            "value": 11.841010093688965,
            "min": 11.841010093688965,
            "max": 28.85157012939453,
            "count": 3
        },
        "CarController.Policy.GailValueEstimate.sum": {
            "value": 959.121826171875,
            "min": 959.121826171875,
            "max": 1507.8245849609375,
            "count": 3
        },
        "CarController.Losses.PolicyLoss.mean": {
            "value": 0.036266459048056275,
            "min": 0.036266459048056275,
            "max": 0.047256711918938286,
            "count": 3
        },
        "CarController.Losses.PolicyLoss.sum": {
            "value": 0.18133229524028138,
            "min": 0.09451342383787657,
            "max": 0.18457892976827375,
            "count": 3
        },
        "CarController.Losses.ValueLoss.mean": {
            "value": 14.909676917394004,
            "min": 14.909676917394004,
            "max": 24.329058865706127,
            "count": 3
        },
        "CarController.Losses.ValueLoss.sum": {
            "value": 74.54838458697002,
            "min": 42.576327588823105,
            "max": 97.31623546282451,
            "count": 3
        },
        "CarController.Policy.LearningRate.mean": {
            "value": 7.640101453301997e-05,
            "min": 7.640101453301997e-05,
            "max": 7.674988870244286e-05,
            "count": 3
        },
        "CarController.Policy.LearningRate.sum": {
            "value": 0.0003820050726650999,
            "min": 0.00015349977740488572,
            "max": 0.0003820050726650999,
            "count": 3
        },
        "CarController.Policy.Epsilon.mean": {
            "value": 0.12546698,
            "min": 0.12546698,
            "max": 0.12558327142857145,
            "count": 3
        },
        "CarController.Policy.Epsilon.sum": {
            "value": 0.6273349,
            "min": 0.2511665428571429,
            "max": 0.6273349,
            "count": 3
        },
        "CarController.Policy.Beta.mean": {
            "value": 0.00013478820199999998,
            "min": 0.00013478820199999998,
            "max": 0.00013535803000000002,
            "count": 3
        },
        "CarController.Policy.Beta.sum": {
            "value": 0.0006739410099999999,
            "min": 0.00027071606000000003,
            "max": 0.0006739410099999999,
            "count": 3
        },
        "CarController.Policy.GAILPolicyEstimate.mean": {
            "value": 0.22702040399114293,
            "min": 0.22693652121557129,
            "max": 0.24788017353663844,
            "count": 3
        },
        "CarController.Policy.GAILPolicyEstimate.sum": {
            "value": 1.1351020199557147,
            "min": 0.45387304243114257,
            "max": 1.1351020199557147,
            "count": 3
        },
        "CarController.Policy.GAILExpertEstimate.mean": {
            "value": 0.7491038044293721,
            "min": 0.7491038044293721,
            "max": 0.7566034131579928,
            "count": 3
        },
        "CarController.Policy.GAILExpertEstimate.sum": {
            "value": 3.7455190221468606,
            "min": 1.5132068263159857,
            "max": 3.7455190221468606,
            "count": 3
        },
        "CarController.Losses.GAILLoss.mean": {
            "value": 0.664872920513153,
            "min": 0.6485783242517047,
            "max": 0.7078514148791631,
            "count": 3
        },
        "CarController.Losses.GAILLoss.sum": {
            "value": 3.3243646025657654,
            "min": 1.2971566485034094,
            "max": 3.3243646025657654,
            "count": 3
        },
        "CarController.Policy.GAILGradMagLoss.mean": {
            "value": 0.0353830703223745,
            "min": 0.0353830703223745,
            "max": 0.0424424020263056,
            "count": 3
        },
        "CarController.Policy.GAILGradMagLoss.sum": {
            "value": 0.1769153516118725,
            "min": 0.08455239914150701,
            "max": 0.1769153516118725,
            "count": 3
        },
        "CarController.Losses.PretrainingLoss.mean": {
            "value": 0.0,
            "min": 0.0,
            "max": 0.0,
            "count": 3
        },
        "CarController.Losses.PretrainingLoss.sum": {
            "value": 0.0,
            "min": 0.0,
            "max": 0.0,
            "count": 3
        },
        "CarController.IsTraining.mean": {
            "value": 1.0,
            "min": 1.0,
            "max": 1.0,
            "count": 3
        },
        "CarController.IsTraining.sum": {
            "value": 1.0,
            "min": 1.0,
            "max": 1.0,
            "count": 3
        },
        "CarController.Environment.EpisodeLength.mean": {
            "value": 674.5,
            "min": 674.5,
            "max": 700.5714285714286,
            "count": 2
        },
        "CarController.Environment.EpisodeLength.sum": {
            "value": 4047.0,
            "min": 4047.0,
            "max": 4904.0,
            "count": 2
        },
        "CarController.Environment.CumulativeReward.mean": {
            "value": -8.03000033646822,
            "min": -8.06428604892322,
            "max": -8.03000033646822,
            "count": 2
        },
        "CarController.Environment.CumulativeReward.sum": {
            "value": -40.1500016823411,
            "min": -56.45000234246254,
            "max": -40.1500016823411,
            "count": 2
        },
        "CarController.Policy.ExtrinsicReward.mean": {
            "value": -8.03000033646822,
            "min": -8.06428604892322,
            "max": -8.03000033646822,
            "count": 2
        },
        "CarController.Policy.ExtrinsicReward.sum": {
            "value": -40.1500016823411,
            "min": -56.45000234246254,
            "max": -40.1500016823411,
            "count": 2
        },
        "CarController.Policy.GailReward.mean": {
            "value": 0.0,
            "min": 0.0,
            "max": 0.0,
            "count": 2
        },
        "CarController.Policy.GailReward.sum": {
            "value": 0.0,
            "min": 0.0,
            "max": 0.0,
            "count": 2
        }
    },
    "metadata": {
        "timer_format_version": "0.1.0",
        "start_time_seconds": "1652970678",
        "python_version": "3.9.12 (tags/v3.9.12:b28265d, Mar 23 2022, 23:52:46) [MSC v.1929 64 bit (AMD64)]",
        "command_line_arguments": "C:\\Users\\andfa\\AppData\\Local\\Programs\\Python\\Python39\\Scripts\\mlagents-learn config.yaml --run-id=Real2 --resume",
        "mlagents_version": "0.29.0",
        "mlagents_envs_version": "0.29.0",
        "communication_protocol_version": "1.5.0",
        "pytorch_version": "1.11.0+cpu",