{
    "name": "root",
    "gauges": {
        "CarController.Policy.Entropy.mean": {
            "value": 0.2162364423274994,
            "min": 0.08167764544487,
            "max": 0.2619427442550659,
            "count": 56
        },
        "CarController.Policy.Entropy.sum": {
            "value": 1063.88330078125,
            "min": 420.80322265625,
            "max": 1328.5819091796875,
            "count": 56
        },
        "CarController.Step.mean": {
            "value": 4694938.0,
            "min": 4419937.0,
            "max": 4694938.0,
            "count": 56
        },
        "CarController.Step.sum": {
            "value": 4694938.0,
            "min": 4419937.0,
            "max": 4694938.0,
            "count": 56
        },
        "CarController.Policy.ExtrinsicValueEstimate.mean": {
            "value": 4.520391464233398,
            "min": 1.9324218034744263,
            "max": 4.589881896972656,
            "count": 56
        },
        "CarController.Policy.ExtrinsicValueEstimate.sum": {
            "value": 352.5905456542969,
            "min": 153.9155731201172,
            "max": 358.01080322265625,
            "count": 56
        },
        "CarController.Policy.GailValueEstimate.mean": {
            "value": 0.04920608550310135,
            "min": -0.13992050290107727,
            "max": 0.20589911937713623,
            "count": 56
        },
        "CarController.Policy.GailValueEstimate.sum": {
            "value": 3.8380746841430664,
            "min": -11.053719520568848,
            "max": 16.060131072998047,
            "count": 56
        },
        "CarController.Losses.PolicyLoss.mean": {
            "value": 0.03622295321353401,
            "min": 0.02997491589091321,
            "max": 0.0547235686632727,
            "count": 56
        },
        "CarController.Losses.PolicyLoss.sum": {
            "value": 0.14489181285413605,
            "min": 0.042019191223921046,
            "max": 0.2662605744844768,
            "count": 56
        },
        "CarController.Losses.ValueLoss.mean": {
            "value": 0.0714801970558862,
            "min": 0.024669400002393458,
            "max": 0.595244675098608,
            "count": 56
        },
        "CarController.Losses.ValueLoss.sum": {
            "value": 0.2859207882235448,
            "min": 0.07214872125122282,
            "max": 2.380978700394432,
            "count": 56
        },
        "CarController.Policy.LearningRate.mean": {
            "value": 1.8449733850119997e-05,
            "min": 1.8449733850119997e-05,
            "max": 3.48729883757e-05,
            "count": 56
        },
        "CarController.Policy.LearningRate.sum": {
            "value": 7.379893540047999e-05,
            "min": 3.48729883757e-05,
            "max": 0.00016276664574460002,
            "count": 56
        },
        "CarController.Policy.Epsilon.mean": {
            "value": 0.10614988000000002,
            "min": 0.10614988000000002,
            "max": 0.1116243,
            "count": 56
        },
        "CarController.Policy.Epsilon.sum": {
            "value": 0.42459952000000006,
            "min": 0.1116243,
            "max": 0.5542554000000001,
            "count": 56
        },
        "CarController.Policy.Beta.mean": {
            "value": 4.0134412e-05,
            "min": 4.0134412e-05,
            "max": 6.695907e-05,
            "count": 56
        },
        "CarController.Policy.Beta.sum": {
            "value": 0.000160537648,
            "min": 6.695907e-05,
            "max": 0.00031585146,
            "count": 56
        },
        "CarController.Policy.GAILPolicyEstimate.mean": {
            "value": 0.22726001342137656,
            "min": 0.18830168950888848,
            "max": 0.47444311430056885,
            "count": 56
        },
        "CarController.Policy.GAILPolicyEstimate.sum": {
            "value": 0.9090400536855062,
            "min": 0.33046254846784806,
            "max": 2.3722155715028443,
            "count": 56
        },
        "CarController.Policy.GAILExpertEstimate.mean": {
            "value": 0.6542079225182533,
            "min": 0.5987067113320033,
            "max": 0.7053452253341674,
            "count": 56
        },
        "CarController.Policy.GAILExpertEstimate.sum": {
            "value": 2.6168316900730133,
            "min": 0.6663908461729685,
            "max": 3.5267261266708374,
            "count": 56
        },
        "CarController.Losses.GAILLoss.mean": {
            "value": 0.7826499429841837,
            "min": 0.7408751754297151,
            "max": 1.2075678567091626,
            "count": 56
        },
        "CarController.Losses.GAILLoss.sum": {
            "value": 3.1305997719367347,
            "min": 0.8941321207417382,
            "max": 6.037839283545813,
            "count": 56
        },
        "CarController.Policy.GAILGradMagLoss.mean": {
            "value": 0.04107498928594093,
            "min": 0.025990737679724894,
            "max": 0.12430067443185383,
            "count": 56
        },
        "CarController.Policy.GAILGradMagLoss.sum": {
            "value": 0.16429995714376372,
            "min": 0.04271284884048833,
            "max": 0.43566943022112053,
            "count": 56
        },
        "CarController.Losses.PretrainingLoss.mean": {
            "value": 0.0,
            "min": 0.0,
            "max": 0.0,
            "count": 56
        },
        "CarController.Losses.PretrainingLoss.sum": {
            "value": 0.0,
            "min": 0.0,
            "max": 0.0,
            "count": 56
        },
        "CarController.IsTraining.mean": {
            "value": 1.0,
            "min": 1.0,
            "max": 1.0,
            "count": 56
        },
        "CarController.IsTraining.sum": {
            "value": 1.0,
            "min": 1.0,
            "max": 1.0,
            "count": 56
        },
        "CarController.Environment.EpisodeLength.mean": {
            "value": 4456.5,
            "min": 4456.5,
            "max": 6106.0,
            "count": 16
        },
        "CarController.Environment.EpisodeLength.sum": {
            "value": 8913.0,
            "min": 4468.0,
            "max": 31486.0,
            "count": 16
        },
        "CarController.Environment.CumulativeReward.mean": {
            "value": 179.19999885559082,
            "min": -8.000016570091248,
            "max": 184.6749990582466,
            "count": 16
        },
        "CarController.Environment.CumulativeReward.sum": {
            "value": 358.39999771118164,
            "min": -8.000016570091248,
            "max": 1284.6999928951263,
            "count": 16
        },
        "CarController.Policy.ExtrinsicReward.mean": {
            "value": 179.19999885559082,
            "min": -8.000016570091248,
            "max": 184.6749990582466,
            "count": 16
        },
        "CarController.Policy.ExtrinsicReward.sum": {
            "value": 358.39999771118164,
            "min": -8.000016570091248,
            "max": 1284.6999928951263,
            "count": 16
        },
        "CarController.Policy.GailReward.mean": {
            "value": 0.0,
            "min": 0.0,
            "max": 0.0,
            "count": 16
        },
        "CarController.Policy.GailReward.sum": {
            "value": 0.0,
            "min": 0.0,
            "max": 0.0,
            "count": 16
        }
    },
    "metadata": {
        "timer_format_version": "0.1.0",
        "start_time_seconds": "1652967976",
        "python_version": "3.9.12 (tags/v3.9.12:b28265d, Mar 23 2022, 23:52:46) [MSC v.1929 64 bit (AMD64)]",
        "command_line_arguments": "C:\\Users\\andfa\\AppData\\Local\\Programs\\Python\\Python39\\Scripts\\mlagents-learn config.yaml --run-id=Real1 --resume",
        "mlagents_version": "0.29.0",
        "mlagents_envs_version": "0.29.0",
        "communication_protocol_version": "1.5.0",
        "pytorch_version": "1.11.0+cpu",