{
    "name": "root",
    "gauges": {
        "CarController.Policy.Entropy.mean": {
            "value": 0.18905797600746155,
            "min": 0.02702975645661354,
            "max": 0.2643600106239319,
            "count": 18
        },
        "CarController.Policy.Entropy.sum": {
            "value": 946.8023071289062,
            "min": 27.678470611572266,
            "max": 1298.536376953125,
            "count": 18
        },
        "CarController.Step.mean": {
            "value": 6189977.0,
            "min": 6104938.0,
            "max": 6189977.0,
            "count": 18
        },
        "CarController.Step.sum": {
            "value": 6189977.0,
            "min": 6104938.0,
            "max": 6189977.0,
            "count": 18
        },
        "CarController.Policy.ExtrinsicValueEstimate.mean": {
            "value": 0.759727418422699,
            "min": -2.038137674331665,
            "max": 3.0658247470855713,
            "count": 18
        },
        "CarController.Policy.ExtrinsicValueEstimate.sum": {
            "value": 60.01846694946289,
            "min": -163.05101013183594,
            "max": 239.13433837890625,
            "count": 18
        },
        "CarController.Policy.GailValueEstimate.mean": {
            "value": 32.4444580078125,
            "min": 12.13412857055664,
            "max": 32.4444580078125,
            "count": 18
        },
        "CarController.Policy.GailValueEstimate.sum": {
            "value": 2563.1123046875,
            "min": 180.36964416503906,
            "max": 2563.1123046875,
            "count": 18
        },
        "CarController.IsTraining.mean": {
            "value": 1.0,
            "min": 1.0,
            "max": 1.0,
            "count": 18
        },
        "CarController.IsTraining.sum": {
            "value": 1.0,
            "min": 1.0,
            "max": 1.0,
            "count": 18
        },
        "CarController.Losses.PolicyLoss.mean": {
            "value": 0.03557750659407854,
            "min": 0.02754290823165017,
            "max": 0.048777369883221885,
            "count": 17
        },
        "CarController.Losses.PolicyLoss.sum": {
            "value": 0.1778875329703927,
            "min": 0.12458410383745407,
            "max": 0.24388684941610944,
            "count": 17
        },
        "CarController.Losses.ValueLoss.mean": {
            "value": 34.99918715159099,
            "min": 14.682358357641434,
            "max": 351.5309202671051,
            "count": 17
        },
        "CarController.Losses.ValueLoss.sum": {
            "value": 174.99593575795492,
            "min": 44.0470750729243,
            "max": 1406.1236810684204,
            "count": 17
        },
        "CarController.Policy.LearningRate.mean": {
            "value": 3.4817462679922846e-05,
            "min": 3.4817462679922846e-05,
            "max": 3.826663010162857e-05,
            "count": 17
        },
        "CarController.Policy.LearningRate.sum": {
            "value": 0.00017408731339961422,
            "min": 0.0001134174907656857,
            "max": 0.0001880214516120429,
            "count": 17
        },
        "CarController.Policy.Epsilon.mean": {
            "value": 0.11160579142857144,
            "min": 0.11160579142857144,
            "max": 0.1127555142857143,
            "count": 17
        },
        "CarController.Policy.Epsilon.sum": {
            "value": 0.5580289571428572,
            "min": 0.3378057428571429,
            "max": 0.5626736714285715,
            "count": 17
        },
        "CarController.Policy.Beta.mean": {
            "value": 6.686837799999999e-05,
            "min": 6.686837799999999e-05,
            "max": 7.250202000000002e-05,
            "count": 17
        },
        "CarController.Policy.Beta.sum": {
            "value": 0.00033434188999999996,
            "min": 0.00021524814,
            "max": 0.00035710099,
            "count": 17
        },
        "CarController.Policy.GAILPolicyEstimate.mean": {
            "value": 0.3348974737028281,
            "min": 0.10110998073489301,
            "max": 0.40490951885779697,
            "count": 17
        },
        "CarController.Policy.GAILPolicyEstimate.sum": {
            "value": 1.6744873685141404,
            "min": 0.303329942204679,
            "max": 1.9738289415836334,
            "count": 17
        },
        "CarController.Policy.GAILExpertEstimate.mean": {
            "value": 0.7163615475098292,
            "min": 0.6566368758678436,
            "max": 0.7831340799729029,
            "count": 17
        },
        "CarController.Policy.GAILExpertEstimate.sum": {
            "value": 3.5818077375491457,
            "min": 2.107095648845037,
            "max": 3.9156703998645144,
            "count": 17
        },
        "CarController.Losses.GAILLoss.mean": {
            "value": 0.8608627239863077,
            "min": 0.5560160428285599,
            "max": 1.1021654564473364,
            "count": 17
        },
        "CarController.Losses.GAILLoss.sum": {
            "value": 4.304313619931539,
            "min": 1.6680481284856796,
            "max": 4.845444560050964,
            "count": 17
        },
        "CarController.Policy.GAILGradMagLoss.mean": {
            "value": 0.04648016225546599,
            "min": 0.03646343303844333,
            "max": 0.07854963132801156,
            "count": 17
        },
        "CarController.Policy.GAILGradMagLoss.sum": {
            "value": 0.23240081127732992,
            "min": 0.15513010369613767,
            "max": 0.3451384045183658,
            "count": 17
        },
        "CarController.Losses.PretrainingLoss.mean": {
            "value": 0.15333546218380595,
            "min": 0.15333546218380595,
            "max": 0.622192777649701,
            "count": 17
        },
        "CarController.Losses.PretrainingLoss.sum": {
            "value": 0.7666773109190297,
            "min": 0.63539606607274,
            "max": 1.866578332949103,
            "count": 17
        },
        "CarController.Environment.EpisodeLength.mean": {
            "value": 1344.0,
            "min": 673.0,
            "max": 2225.5,
            "count": 13
        },
        "CarController.Environment.EpisodeLength.sum": {
            "value": 2688.0,
            "min": 673.0,
            "max": 14569.0,
            "count": 13
        },
        "CarController.Environment.CumulativeReward.mean": {
            "value": -8.075001761317253,
            "min": -8.099998593330383,
            "max": -7.9999993443489075,
            "count": 13
        },
        "CarController.Environment.CumulativeReward.sum": {
            "value": -16.150003522634506,
            "min": -56.400032103061676,
            "max": -7.9999993443489075,
            "count": 13
        },
        "CarController.Policy.ExtrinsicReward.mean": {
            "value": -6.460001200437546,
            "min": -6.480000674724579,
            "max": -6.400000691413879,
            "count": 13
        },
        "CarController.Policy.ExtrinsicReward.sum": {
            "value": -12.920002400875092,
            "min": -45.1200210750103,
            "max": -6.400000691413879,
            "count": 13
        },
        "CarController.Policy.GailReward.mean": {
            "value": 464.42182088270783,
            "min": 239.88964009284973,
            "max": 1118.291320133023,
            "count": 13
        },
        "CarController.Policy.GailReward.sum": {
            "value": 928.8436417654157,
            "min": 239.88964009284973,
            "max": 6893.2424187567085,
            "count": 13
        }
    },
    "metadata": {
        "timer_format_version": "0.1.0",
        "start_time_seconds": "1652974006",
        "python_version": "3.9.12 (tags/v3.9.12:b28265d, Mar 23 2022, 23:52:46) [MSC v.1929 64 bit (AMD64)]",