{
    "name": "root",
    "gauges": {
        "CarController.Policy.Entropy.mean": {
            "value": 0.31410109996795654,
            "min": 0.2577196955680847,
            "max": 0.3623751401901245,
            "count": 142
        },
        "CarController.Policy.Entropy.sum": {
            "value": 1507.685302734375,
            "min": 910.7025146484375,
            "max": 1823.460693359375,
            "count": 142
        },
        "CarController.Step.mean": {
            "value": 2499943.0,
            "min": 1794967.0,
            "max": 2499943.0,
            "count": 142
        },
        "CarController.Step.sum": {
            "value": 2499943.0,
            "min": 1794967.0,
            "max": 2499943.0,
            "count": 142
        },
        "CarController.Policy.ExtrinsicValueEstimate.mean": {
            "value": 4.879695892333984,
            "min": 3.8223788738250732,
            "max": 5.384403705596924,
            "count": 142
        },
        "CarController.Policy.ExtrinsicValueEstimate.sum": {
            "value": 409.8944396972656,
            "min": 195.98745727539062,
            "max": 484.1085510253906,
            "count": 142
        },
        "CarController.Policy.GailValueEstimate.mean": {
            "value": 0.001614841166883707,
            "min": -0.0067671239376068115,
            "max": 0.0073955971747636795,
            "count": 142
        },
        "CarController.Policy.GailValueEstimate.sum": {
            "value": 0.13564665615558624,
            "min": -0.6631781458854675,
            "max": 0.6803949475288391,
            "count": 142
        },
        "CarController.Losses.PolicyLoss.mean": {
            "value": 0.04793704041997747,
            "min": 0.03117981957317776,
            "max": 0.06014494144668182,
            "count": 142
        },
        "CarController.Losses.PolicyLoss.sum": {
            "value": 0.23968520209988736,
            "min": 0.06014494144668182,
            "max": 0.2691322945368787,
            "count": 142
        },
        "CarController.Losses.ValueLoss.mean": {
            "value": 0.4799433638652165,
            "min": 0.17611506779988606,
            "max": 1.1595203687747317,
            "count": 142
        },
        "CarController.Losses.ValueLoss.sum": {
            "value": 2.3997168193260827,
            "min": 0.17611506779988606,
            "max": 5.797601843873659,
            "count": 142
        },
        "CarController.Policy.LearningRate.mean": {
            "value": 2.892279036240007e-07,
            "min": 2.892279036240007e-07,
            "max": 8.472019175996e-05,
            "count": 142
        },
        "CarController.Policy.LearningRate.sum": {
            "value": 1.4461395181200036e-06,
            "min": 1.4461395181200036e-06,
            "max": 0.0004155774014743199,
            "count": 142
        },
        "CarController.Policy.Epsilon.mean": {
            "value": 0.10009637600000003,
            "min": 0.10009637600000003,
            "max": 0.12824004000000006,
            "count": 142
        },
        "CarController.Policy.Epsilon.sum": {
            "value": 0.5004818800000002,
            "min": 0.12824004000000006,
            "max": 0.63852568,
            "count": 142
        },
        "CarController.Policy.Beta.mean": {
            "value": 1.04722424e-05,
            "min": 1.04722424e-05,
            "max": 0.000148376196,
            "count": 142
        },
        "CarController.Policy.Beta.sum": {
            "value": 5.2361212e-05,
            "min": 4.9908387999999965e-05,
            "max": 0.000728775832,
            "count": 142
        },
        "CarController.Policy.GAILPolicyEstimate.mean": {
            "value": 0.07342947435875734,
            "min": 0.06736523018529017,
            "max": 0.14594751795132954,
            "count": 142
        },
        "CarController.Policy.GAILPolicyEstimate.sum": {
            "value": 0.3671473717937867,
            "min": 0.14594751795132954,
            "max": 0.44399087410420185,
            "count": 142
        },
        "CarController.Policy.GAILExpertEstimate.mean": {
            "value": 0.9281080861886343,
            "min": 0.9010159730911255,
            "max": 0.9315952211618423,
            "count": 142
        },
        "CarController.Policy.GAILExpertEstimate.sum": {
            "value": 4.6405404309431715,
            "min": 0.9010159730911255,
            "max": 4.657976105809212,
            "count": 142
        },
        "CarController.Losses.GAILLoss.mean": {
            "value": 0.20614525551597276,
            "min": 0.19191382502516113,
            "max": 0.3469853778680166,
            "count": 142
        },
        "CarController.Losses.GAILLoss.sum": {
            "value": 1.0307262775798638,
            "min": 0.3469853778680166,
            "max": 1.2161904039482276,
            "count": 142
        },
        "CarController.Policy.GAILGradMagLoss.mean": {
            "value": 0.005180922334936137,
            "min": 0.004261966387275606,
            "max": 0.012452419511585808,
            "count": 142
        },
        "CarController.Policy.GAILGradMagLoss.sum": {
            "value": 0.025904611674680684,
            "min": 0.011164857198794682,
            "max": 0.04980967804634323,
            "count": 142
        },
        "CarController.Losses.PretrainingLoss.mean": {
            "value": 0.0,
            "min": 0.0,
            "max": 0.0,
            "count": 142
        },
        "CarController.Losses.PretrainingLoss.sum": {
            "value": 0.0,
            "min": 0.0,
            "max": 0.0,
            "count": 142
        },
        "CarController.Environment.EpisodeLength.mean": {
            "value": 291.72727272727275,
            "min": 72.0,
            "max": 623.3333333333334,
            "count": 142
        },
        "CarController.Environment.EpisodeLength.sum": {
            "value": 3209.0,
            "min": 576.0,
            "max": 8284.0,
            "count": 142
        },
        "CarController.Environment.CumulativeReward.mean": {
            "value": 17.272727272727273,
            "min": 1.875,
            "max": 39.333333333333336,
            "count": 142
        },
        "CarController.Environment.CumulativeReward.sum": {
            "value": 190.0,
            "min": 15.0,
            "max": 510.0,
            "count": 142
        },
        "CarController.Policy.ExtrinsicReward.mean": {
            "value": 17.272727272727273,
            "min": 1.875,
            "max": 39.333333333333336,
            "count": 142
        },
        "CarController.Policy.ExtrinsicReward.sum": {
            "value": 190.0,
            "min": 15.0,
            "max": 510.0,
            "count": 142
        },
        "CarController.Policy.GailReward.mean": {
            "value": 0.0,
            "min": 0.0,
            "max": 0.0,
            "count": 142
        },
        "CarController.Policy.GailReward.sum": {
            "value": 0.0,
            "min": 0.0,
            "max": 0.0,
            "count": 142
        },
        "CarController.IsTraining.mean": {
            "value": 1.0,
            "min": 1.0,
            "max": 1.0,
            "count": 142
        },
        "CarController.IsTraining.sum": {
            "value": 1.0,
            "min": 1.0,
            "max": 1.0,
            "count": 142
        }
    },
    "metadata": {
        "timer_format_version": "0.1.0",
        "start_time_seconds": "1652895196",
        "python_version": "3.9.12 (tags/v3.9.12:b28265d, Mar 23 2022, 23:52:46) [MSC v.1929 64 bit (AMD64)]",
        "command_line_arguments": "C:\\Users\\andfa\\AppData\\Local\\Programs\\Python\\Python39\\Scripts\\mlagents-learn config.yaml --run-id=Teste2 --resume",
        "mlagents_version": "0.29.0",
        "mlagents_envs_version": "0.29.0",
        "communication_protocol_version": "1.5.0",
        "pytorch_version": "1.11.0+cpu",