{
    "name": "root",
    "gauges": {
        "CarController.Policy.Entropy.mean": {
            "value": 0.48973211646080017,
            "min": 0.39195016026496887,
            "max": 0.633504331111908,
            "count": 198
        },
        "CarController.Policy.Entropy.sum": {
            "value": 2445.72216796875,
            "min": 1948.776123046875,
            "max": 3358.840087890625,
            "count": 198
        },
        "CarController.Step.mean": {
            "value": 1424940.0,
            "min": 439977.0,
            "max": 1424940.0,
            "count": 198
        },
        "CarController.Step.sum": {
            "value": 1424940.0,
            "min": 439977.0,
            "max": 1424940.0,
            "count": 198
        },
        "CarController.Policy.ExtrinsicValueEstimate.mean": {
            "value": 0.6031467914581299,
            "min": 0.31906503438949585,
            "max": 0.8733063340187073,
            "count": 198
        },
        "CarController.Policy.ExtrinsicValueEstimate.sum": {
            "value": 60.31468200683594,
            "min": 35.41621780395508,
            "max": 88.20394134521484,
            "count": 198
        },
        "CarController.Policy.GailValueEstimate.mean": {
            "value": 12.502241134643555,
            "min": 6.420144081115723,
            "max": 15.467633247375488,
            "count": 198
        },
        "CarController.Policy.GailValueEstimate.sum": {
            "value": 1250.22412109375,
            "min": 712.635986328125,
            "max": 1599.157958984375,
            "count": 198
        },
        "CarController.Environment.EpisodeLength.mean": {
            "value": 112.86363636363636,
            "min": 54.141304347826086,
            "max": 131.60655737704917,
            "count": 198
        },
        "CarController.Environment.EpisodeLength.sum": {
            "value": 4966.0,
            "min": 3583.0,
            "max": 8028.0,
            "count": 198
        },
        "CarController.Environment.CumulativeReward.mean": {
            "value": 3.5991818555895323,
            "min": 1.1191889415107046,
            "max": 5.236817370888235,
            "count": 198
        },
        "CarController.Environment.CumulativeReward.sum": {
            "value": 158.36400164593942,
            "min": 80.58160378877074,
            "max": 240.89359906085883,
            "count": 198
        },
        "CarController.Policy.ExtrinsicReward.mean": {
            "value": 1.439672641176995,
            "min": 0.4476755407490095,
            "max": 2.0947268034936353,
            "count": 198
        },
        "CarController.Policy.ExtrinsicReward.sum": {
            "value": 63.34559621178778,
            "min": 32.23263893392868,
            "max": 96.35743296070723,
            "count": 198
        },
        "CarController.Policy.GailReward.mean": {
            "value": 27.155397442423485,
            "min": 7.497732230988533,
            "max": 36.349403105676174,
            "count": 198
        },
        "CarController.Policy.GailReward.sum": {
            "value": 1194.8374874666333,
            "min": 643.2291604056954,
            "max": 1672.072542861104,
            "count": 198
        },
        "CarController.Losses.PolicyLoss.mean": {
            "value": 0.04338967896765099,
            "min": 0.03021153659938136,
            "max": 0.06457307086723935,
            "count": 198
        },
        "CarController.Losses.PolicyLoss.sum": {
            "value": 0.21694839483825493,
            "min": 0.1333340030347851,
            "max": 0.32286535433619673,
            "count": 198
        },
        "CarController.Losses.ValueLoss.mean": {
            "value": 36.10748325983683,
            "min": 7.5592320561409,
            "max": 48.694370567798615,
            "count": 198
        },
        "CarController.Losses.ValueLoss.sum": {
            "value": 180.53741629918417,
            "min": 30.2369282245636,
            "max": 232.98594665527344,
            "count": 198
        },
        "CarController.Policy.LearningRate.mean": {
            "value": 0.00012932518489162402,
            "min": 0.00012932518489162402,
            "max": 0.00024746794751068994,
            "count": 198
        },
        "CarController.Policy.LearningRate.sum": {
            "value": 0.0006466259244581201,
            "min": 0.00051956410681204,
            "max": 0.00123445364851548,
            "count": 198
        },
        "CarController.Policy.Epsilon.mean": {
            "value": 0.14310837599999998,
            "min": 0.14310837599999998,
            "max": 0.18248931,
            "count": 198
        },
        "CarController.Policy.Epsilon.sum": {
            "value": 0.71554188,
            "min": 0.57318796,
            "max": 0.91148452,
            "count": 198
        },
        "CarController.Policy.Beta.mean": {
            "value": 0.0002212310424,
            "min": 0.0002212310424,
            "max": 0.000414197619,
            "count": 198
        },
        "CarController.Policy.Beta.sum": {
            "value": 0.001106155212,
            "min": 0.000888621004,
            "max": 0.0020662741479999997,
            "count": 198
        },
        "CarController.Policy.GAILPolicyEstimate.mean": {
            "value": 0.3218781280020873,
            "min": 0.229986401895682,
            "max": 0.35285830994447076,
            "count": 198
        },
        "CarController.Policy.GAILPolicyEstimate.sum": {
            "value": 1.6093906400104365,
            "min": 0.9841510057449341,
            "max": 1.7642915497223537,
            "count": 198
        },
        "CarController.Policy.GAILExpertEstimate.mean": {
            "value": 0.6975402484337488,
            "min": 0.6597547302643458,
            "max": 0.732036899526914,
            "count": 198
        },
        "CarController.Policy.GAILExpertEstimate.sum": {
            "value": 3.487701242168744,
            "min": 2.6686334957679114,
            "max": 3.6601844976345697,
            "count": 198
        },
        "CarController.Losses.GAILLoss.mean": {
            "value": 0.9612718323866526,
            "min": 0.7058352301518123,
            "max": 1.056102176507314,
            "count": 198
        },
        "CarController.Losses.GAILLoss.sum": {
            "value": 4.806359161933263,
            "min": 2.9573815514643984,
            "max": 5.28051088253657,
            "count": 198
        },
        "CarController.Policy.GAILGradMagLoss.mean": {
            "value": 0.018311836415280898,
            "min": 0.01066903603884081,
            "max": 0.026157390830727916,
            "count": 198
        },
        "CarController.Policy.GAILGradMagLoss.sum": {
            "value": 0.0915591820764045,
            "min": 0.043181785847991705,
            "max": 0.13078695415363958,
            "count": 198
        },
        "CarController.Losses.PretrainingLoss.mean": {
            "value": 0.15963767415947383,
            "min": 0.15963767415947383,
            "max": 0.19534986568821802,
            "count": 198
        },
        "CarController.Losses.PretrainingLoss.sum": {
            "value": 0.7981883707973692,
            "min": 0.6397930890321732,
            "max": 0.9767493284410901,
            "count": 198
        },
        "CarController.IsTraining.mean": {
            "value": 1.0,
            "min": 1.0,
            "max": 1.0,
            "count": 198
        },
        "CarController.IsTraining.sum": {
            "value": 1.0,
            "min": 1.0,
            "max": 1.0,
            "count": 198
        }
    },
    "metadata": {
        "timer_format_version": "0.1.0",
        "start_time_seconds": "1652883510",
        "python_version": "3.9.12 (tags/v3.9.12:b28265d, Mar 23 2022, 23:52:46) [MSC v.1929 64 bit (AMD64)]",